daasbuilduser,ackma02
builduserrupay,agrde01
cpo_calvin,ahmni01
dcdadm,allje05
cssgadmin,ambba01
wccuser,bccbh01
qcgenericuser,bhabh02
catalystrtc,bhara20
bmf-ldapconnect,broje25
ad-build,carga07
bld-apim-teamcity,chasc05
cawadebuilduser,china08
autobuild,conch11
wa_bld_user,
_system_,
platform_deployment,
admin1,
capuser,
anonymous,
admin,
telemetry_build,
casa_build,
publisher,
aran01,
mem_dev,
casm_build,
walletadmin,
bld_nbi_send,
casd_build,devjo01
platadmin,dovli01
msobuilder,dwyst01
panther_autobuild,fenma01
mpmbuilduser,fisjo04
asaasgenbuild,fisjo04
rtcbuild_user,fosbi01
camfass,galpe02
estinttcarttst,ganra10
toolsadmin,ganra10
toolsbuilduser,ganra10
alcadsvc,garma20
iambnr,gudga01
sec_advauth_ci,gudka01
remoteengineer,haemi01
bld-saas-app-sec,hydch03
a2builduser,hydch03
atsysbld,jetve01
amdsadmin,josan07
itechbld,kammu02
cabibot,kammu02
agentbuild,KAORI01
saas_build,kinde02
bld-ciecode,kosab01
platform_build,kruer01
bld-is,Kusru01
bld-3ds2,lahra03
itoaci,leeyo12
capa_admin,lubfr01
eaisvcuser,madsu08
loganalytics,malan11
bld-invincibles,manbi03
transfortbuild,mohba04
dss_autobuild,nadsa01
bld-pim-artifactory,nahme01
nbi-app-build,nanba03
bld-ccs,natco02
apmfpbuild,niedu02
mobilemdmdev,
rcm-build,
vapi-build,
ca-nim,
wily_teamtrack,
bld-analytics,
tools_acc,
riskfortbuild,
3dsecure_build,
securityclients,
centralux,
mobilitydev,
hurricane_build,papgo01
corvusci,podja02
bld-ra4z,podja02
msm_build,prezi01
aimadmin,pupve01
rtcbuild,qinzu01
catalyst_build,qinzu01
rabuild,ramja12
saasdevops,ranch11
imag-docker-prod,reito01
vappdocker,reito01
vantagewebui,repji01
padbuild,sagra02
itcdbtga,shasr03
pasbuilt,shear01
cambuild,sinsa09
kv$je01,sriva01
nam,surki01
collabbuilder,swach02
bld_ra_build,tamme01
inhousedelivery,wadvi02
bld_apm_pub,werke03
autobuild-ppm-cm,yadma02
uim4zbuilduser,yafna01
wu$ti01,zhuyi02